date,household_id,daily_consumption_liters,pressure_psi,temperature_c,rainfall_mm,population_density
2024-01-01,H1000,409.6056983613479,56.630887737658206,33.59742174634401,0.6289303722524986,2000
2024-01-02,H1001,333.40828385945787,61.54708320235065,31.698534731651076,3.486503377622462,3500
2024-01-03,H1002,427.7226245720831,45.00716213090429,28.238521479680696,1.379329232519219,3500
2024-01-04,H1003,532.763582768963,54.81484618345286,25.412252889177704,0.16037837492673826,2500
2024-01-05,H1004,321.90159503319967,48.746787154390866,30.79289325445436,0.12067005215011521,3500
2024-01-06,H1005,321.90356516609836,49.56437308117652,29.573941541687,0.8136470167205098,2000
2024-01-07,H1006,539.505537860887,49.03803037880566,31.580772880110928,3.0732763787940165,2000
2024-01-08,H1007,442.09216749834906,47.68004615160092,30.540687206727878,2.4598187680415684,2000
2024-01-09,H1008,293.66307368780576,52.24260813972413,32.19821086127734,3.1081479929471953,2000
2024-01-10,H1009,415.10720523031574,47.845249417944814,25.859059153757727,1.4565916664303762,2000
2024-01-11,H1010,294.38987686250454,53.35228412889919,33.2695762625373,1.1603478237958065,2500
2024-01-12,H1011,294.1124295715692,51.748809452754315,28.7903984187696,0.3190527684537657,2000
2024-01-13,H1012,379.0354725879241,50.80525976566795,36.30104349050106,0.7955676306647306,2500
2024-01-14,H1013,120.40637064106426,47.46218168979201,25.243248727641728,1.1383908344384663,2000
2024-01-15,H1014,143.00986009843606,49.116143347158335,34.943855212661,0.18554774320512346,3000
2024-01-16,H1015,282.5254964910833,55.77695612912878,28.79164313385059,0.498492443961226,3000
2024-01-17,H1016,228.46026555986913,54.504585938121906,25.394327985542205,1.8237275609175219,3000
2024-01-18,H1017,387.7096799114329,47.11222377600724,26.064456663782714,2.6610618138194018,3000
2024-01-19,H1018,241.0371109374547,52.49666152714613,26.71861076722272,12.810945761268286,2500
2024-01-20,H1019,180.523555839765,55.75693561685895,29.696663785607665,5.409511208808631,2500
2024-01-21,H1020,1188.2706181638978,43.82993824829773,30.091341952142,2.057604619605745,3500
2024-01-22,H1021,322.9068439416157,54.71680096189967,25.705199984245684,1.0937626198971955,2000
2024-01-23,H1022,358.10338456255084,48.686881205270765,27.902581630956067,2.022177591559709,3000
2024-01-24,H1023,179.03021765438518,54.852993342965796,36.569081434447455,3.0803052694861854,2500
2024-01-25,H1024,284.67407305697805,48.18370421728741,34.910172680402844,0.25188892897206805,2000
2024-01-26,H1025,363.31071076518396,42.9755894966774,29.74529467869613,1.0549431023394578,2000
2024-01-27,H1026,211.88077070932366,43.862287810584185,28.1520139126728,3.662693023676061,2500
2024-01-28,H1027,395.0837622014806,52.24042473330691,28.480125306873045,0.9684743405698264,3000
2024-01-29,H1028,277.9233572097434,53.29861250860741,30.454071890921668,1.6966673924200901,3500
2024-01-30,H1029,314.9967500248068,47.47841687447796,23.90882973920638,1.772344565063478,2000
2024-01-31,H1030,277.7952065324724,55.19296229388687,26.97049385030662,0.40784947590070186,3500
2024-02-01,H1031,572.2733821410725,43.6923996886552,21.325663704489642,0.8995721890978609,3000
2024-02-02,H1032,348.38033303144795,51.669601006763415,29.596892490421116,0.8144672081772699,3000
2024-02-03,H1033,223.07468852529195,45.94491900118771,30.588783758810965,0.05309191042933922,3500
2024-02-04,H1034,448.7053894523827,48.7408194609892,26.067254150802505,0.048978382541060635,3000
2024-02-05,H1035,203.49876200347734,52.23699335658207,34.295947053160134,3.563979224278279,2000
2024-02-06,H1036,375.06363140057067,47.69793317358024,23.096937347990636,0.6378524128600701,3500
2024-02-07,H1037,114.83958513442693,50.077222278850876,22.14250047916072,1.4599491874370412,3000
2024-02-08,H1038,190.61767413218834,57.0314640460722,28.897807274239888,0.7097119801597861,3500
2024-02-09,H1039,373.62334830429484,49.115540652384254,32.188393210448616,5.649592072317046,2000
2024-02-10,H1040,438.6159895994492,56.17846056032571,34.73571076583148,0.6003104364011886,3000
2024-02-11,H1041,993.215879023556,44.57581015083817,26.16446294852424,1.1230340328371808,2000
2024-02-12,H1042,336.12220611341115,54.64902088957641,32.31472333372518,4.122892866231186,3000
2024-02-13,H1043,313.86755652928537,59.207843103289505,27.845966121997172,3.6894797419642567,2500
2024-02-14,H1044,172.5773611559087,39.641777499363556,27.30949080023672,0.41183902538112394,3000
2024-02-15,H1045,263.61869499263497,48.015523722647615,31.534639749946688,3.2454851544975876,3500
2024-02-16,H1046,294.7233474848255,54.8853606359027,30.60929151365368,1.2256682929649099,3000
2024-02-17,H1047,476.8546671462699,50.984773069785035,21.694431372063,1.3193043951075851,2000
2024-02-18,H1048,391.2341947482154,53.85572936685654,33.906161398903585,0.2865401137958053,2000
2024-02-19,H1049,138.43518135647193,48.9800740664209,33.520365416589804,0.16807128414664674,3000
2024-02-20,H1000,388.89007632737537,52.4329489373645,25.497749193961884,2.603460202902878,3500
2024-02-21,H1001,303.790126350042,51.221613823039604,29.583214133749635,1.3721888291937,2500
2024-02-22,H1002,1081.821771210978,41.80111885446973,29.976120745130956,1.1484210082822626,3500
2024-02-23,H1003,423.4011546609041,53.272104216506065,29.04269506329563,2.615027202630076,2500
2024-02-24,H1004,473.71994269951415,53.68801331037601,25.79877938461832,2.9007093979347705,2000
2024-02-25,H1005,461.7536142939438,49.94061516938766,25.313506528247792,0.34610886152079895,3500
2024-02-26,H1006,249.29389721328337,49.56196887963753,27.89778371603422,1.884372025833694,2500
2024-02-27,H1007,312.89451489785426,49.8372090609019,32.69091607703746,0.29087039905574946,3000
2024-02-28,H1008,389.75161176842767,53.97226071189149,30.174400618377728,2.783619775654699,2000
2024-02-29,H1009,1070.410515221019,41.13291684887379,26.517542671655576,2.139788201231888,3000
2024-03-01,H1010,292.4990914585652,53.448874284482066,31.086794842593378,6.275265571920649,2000
2024-03-02,H1011,327.72092280034195,62.37700399322719,16.605829517479698,0.14290181501706456,3500
2024-03-03,H1012,217.23980311927662,56.35562351715846,32.59506280148841,0.11749405364967493,3500
2024-03-04,H1013,206.4552051103195,50.369882339160796,21.0411448848876,0.6630925871897281,2000
2024-03-05,H1014,447.50309868730375,58.00606961081972,26.550236234387473,0.6068254627127664,2000
2024-03-06,H1015,512.7488034284987,49.95962313489224,23.521320421495425,0.5673237925914545,2000
2024-03-07,H1016,341.3587854103599,41.80937732411073,22.821274097116376,4.734344948432619,3500
2024-03-08,H1017,470.4239477470429,46.95956844541298,32.64330714951408,0.5741543771272133,2500
2024-03-09,H1018,393.3963230057161,42.646040394870724,26.129195194752434,0.6347703513083895,3000
2024-03-10,H1019,272.5856294473851,50.24243257979346,29.38601552692286,2.849224507194322,3000
2024-03-11,H1020,393.3674726610097,52.09209189594776,27.812317684483265,1.194728197730114,3500
2024-03-12,H1021,830.2334455416268,35.08319942227192,29.908163308892487,2.9985727965169193,3000
2024-03-13,H1022,345.7008753068058,53.63463686882081,28.307287564241022,0.13520087752385032,2000
2024-03-14,H1023,537.7572386976808,50.90449735595568,22.86803110324572,1.3371869842074735,2500
2024-03-15,H1024,80.0,56.14702790591745,31.98506727778856,0.06838304987589966,3000
2024-03-16,H1025,448.6283005250269,40.944323454960575,26.02497366735475,0.12940390302126384,2500
2024-03-17,H1026,360.44564818858055,53.17807279054283,21.773672405360998,4.738250236290968,2000
2024-03-18,H1027,314.11911794409593,55.85432596943483,26.28753935613635,0.29989159809289007,3000
2024-03-19,H1028,361.0112931842603,44.60706877110079,34.00303916253724,1.5203725621244197,3500
2024-03-20,H1029,1082.6519479514839,41.37688246895935,31.40088696845397,1.0589828438371227,2500
2024-03-21,H1030,323.6393734594986,53.69248203747207,26.605391462368562,0.8534081111890731,2000
2024-03-22,H1031,392.8535085814096,49.923560430495996,26.602969182726284,4.601839874017654,2500
2024-03-23,H1032,527.3472853689819,55.163909330531425,26.71345979513047,0.044130098710003056,3000
2024-03-24,H1033,287.8075738071623,63.35346428902198,36.306991934243364,2.180036761665379,3000
2024-03-25,H1034,252.9807676528175,52.90933127529247,29.527741808926212,6.615109958936734,3500
2024-03-26,H1035,289.7891547698556,53.24110293150168,29.72016658876428,1.642725720561704,2000
2024-03-27,H1036,459.8482541242489,49.70319550229878,32.12113381612737,5.523612905838238,2000
2024-03-28,H1037,389.45013315916214,47.75077815267604,28.955156636106054,0.1073456765916481,3500
2024-03-29,H1038,286.42877554795535,56.15167908272123,26.963831416717188,1.0852977045945922,3500
2024-03-30,H1039,411.59209197360275,47.719580870455665,27.214600603660088,0.6026366931013775,2000
2024-03-31,H1040,361.64930592176484,52.35783118609696,27.713594962343745,2.6247571261462808,2500
2024-04-01,H1041,466.23739886394674,49.61171276617441,27.851111053960633,7.958152357683365,2500
2024-04-02,H1042,265.7536287347177,54.39489912873196,30.91051817454792,0.5928538951673028,3500
2024-04-03,H1043,310.6805424082678,53.668310526434745,28.207783543229198,2.1236425196600632,2500
2024-04-04,H1044,302.9470216241411,57.1876997212895,30.93056030886232,0.4415368302685593,2000
2024-04-05,H1045,174.37820622414577,49.44991800572627,27.67713367956567,1.6663374842959167,3000
2024-04-06,H1046,385.5344332477491,50.65062532353314,28.31454076126436,1.2469903363446437,3000
2024-04-07,H1047,381.3266326615867,47.106181421088465,20.007197261871568,7.151482261816231,2500
2024-04-08,H1048,350.6136147970953,49.778533699619445,31.665310698809925,1.8756788560754667,3500
2024-04-09,H1049,321.84954399498235,53.88650246522426,29.38595390359197,0.8600475535058212,3500
2024-04-10,H1000,180.15551095395028,55.78494308322676,31.992040439438608,0.24229288715124034,3500
2024-04-11,H1001,299.5225612681569,47.389173379111874,16.41497848722524,0.32797372744287256,3500
2024-04-12,H1002,308.8742580167877,56.3480296005283,36.35349881912291,0.5106025502817646,3500
2024-04-13,H1003,253.72672769340573,58.778189294024756,27.441641487379304,0.5779435711227396,2500
2024-04-14,H1004,330.6457146000789,54.067174516118506,32.432731266950064,3.802470988526221,3000
2024-04-15,H1005,398.4861028177446,61.38397906279033,23.840376291497876,1.647526970233589,3000
2024-04-16,H1006,576.3423081452636,48.13105400448214,30.45109562025028,1.482117289570887,2500
2024-04-17,H1007,370.9493375398207,45.776726483442914,23.786337747305375,0.2438130126825958,3500
2024-04-18,H1008,380.9060468867317,43.10639875547861,25.50492415721678,3.9342223283101747,2500
2024-04-19,H1009,1007.480397752238,44.447362587830796,35.656125415467145,2.5661352237477213,3000
2024-04-20,H1010,119.74745416411503,55.27182828177029,27.237270396946613,0.14013338543903262,2000
2024-04-21,H1011,346.81833494609396,51.72207664544772,28.86973149271889,2.4608738012049085,2500
2024-04-22,H1012,357.2276251929232,53.3998431315991,31.480270922755018,1.5685006012347678,3500
2024-04-23,H1013,645.5890534982343,46.37255476350812,29.98272755189042,0.17051749093933655,3000
2024-04-24,H1014,326.9166842262653,64.22875989808414,28.601675620574305,1.2260882412134049,3000
2024-04-25,H1015,386.1856810800335,52.64610590987614,29.459844009864902,1.32599763682987,3000
2024-04-26,H1016,345.8345876353708,52.546973973024464,37.6136623409531,0.3625031552436329,3000
2024-04-27,H1017,209.75863548565616,55.62883311949346,27.769524811865658,5.826393854798992,3500
2024-04-28,H1018,487.13873774180246,54.40504615868357,28.80439618685987,3.79391161646937,2000
2024-04-29,H1019,806.04427368579,42.23447817850001,32.20261758403045,2.211408780520436,3000
2024-04-30,H1020,1044.0029668317943,37.420220799808774,32.42210373183194,1.2408924793377714,2500
2024-05-01,H1021,240.87350542463133,54.35734178567998,32.74812122224152,1.0612593435136881,2000
2024-05-02,H1022,518.3353173123319,61.41012248237517,30.55492088811674,2.105214668628117,3000
2024-05-03,H1023,181.7778724649263,58.72710023077489,23.427980349078066,1.5768149486075849,2000
2024-05-04,H1024,420.42285125603246,59.965933133196984,34.53372612920438,0.1285930600542531,2500
2024-05-05,H1025,612.8546750971974,49.443921617844076,23.414618427925248,1.4369408438680709,3000
2024-05-06,H1026,231.1356409843174,47.0519758987071,29.210541860956134,3.283959576736265,2500
2024-05-07,H1027,282.04427244766737,51.37106539950176,24.98289659992257,1.2295589902644601,3500
2024-05-08,H1028,361.95816381051696,52.27862456144347,27.74344661362803,0.10670994701689866,3000
2024-05-09,H1029,289.5829215060561,57.47095759235474,29.31504964121392,3.086160213622474,3000
2024-05-10,H1030,972.8075710378024,44.46733728923395,29.285428861801094,0.44969946737174804,3000
2024-05-11,H1031,358.2275569767233,59.64775159730307,29.68768301694114,0.5984861814967405,3000
2024-05-12,H1032,222.52355435286742,51.20996050710505,34.45484507623459,0.3599438868348033,3500
2024-05-13,H1033,406.8310916762218,49.8655946502629,29.814137206055918,0.8015972209434284,3000
2024-05-14,H1034,239.66909189194362,46.93947812369916,27.023373458837405,2.8273434956330323,2000
2024-05-15,H1035,535.9921286021047,43.72571664067115,31.85634867315343,1.4653810670480858,3000
2024-05-16,H1036,256.00960491965157,56.11585291980957,32.757881955698565,0.45852766957417684,3500
2024-05-17,H1037,311.35261805531894,52.36658983594202,23.08956873945203,4.204684802530975,3000
2024-05-18,H1038,447.62206608436037,45.55019550129473,30.38960027939943,4.233570102159669,2000
2024-05-19,H1039,202.29628202792537,45.52460613968192,30.804690969243595,4.089360360204873,3500
2024-05-20,H1040,377.29519215249553,50.32107650354936,26.80974598656003,0.5457083328138416,3500
2024-05-21,H1041,845.3214018909857,37.02632634135343,33.50282725324648,1.200185792864586,2000
2024-05-22,H1042,157.1020118526527,50.702043243181976,27.399777651869893,8.398031449859902,2000
2024-05-23,H1043,372.1560630238765,44.48428523440947,28.50230581388617,2.956928744365557,2000
2024-05-24,H1044,381.1859353098108,50.77128467957028,27.30771270286452,0.05508655727376305,2000
2024-05-25,H1045,443.81874461327726,50.63638215126165,28.06231619032587,0.13485517563822103,2000
2024-05-26,H1046,201.56591469463018,38.515566785292144,23.614899652419194,1.2469861955421258,3500
2024-05-27,H1047,191.54520642988683,51.72852566741094,22.239796469622824,4.798637099307362,3500
2024-05-28,H1048,412.6329878740277,50.84532734895661,34.37802025289989,1.547421172007841,3000
2024-05-29,H1049,385.6381607879823,55.48103182406709,24.61215460672669,1.3775634780977841,3000
2024-05-30,H1000,380.0591420415052,61.244780474726724,24.034430602174773,0.22292194903320886,2500
2024-05-31,H1001,391.5737851396371,57.632825147738785,19.38643954558514,2.138767886261925,3000
2024-06-01,H1002,268.3970334105811,50.65555654722585,25.44415300924199,3.453102901260399,3000
2024-06-02,H1003,377.8704436593204,46.46737045629165,22.707640826370007,0.9574269239343685,2000
2024-06-03,H1004,385.16869679584175,64.8667990162493,34.568060640545475,2.9887558366767433,2000
2024-06-04,H1005,264.27782983683585,52.29609217007244,32.03926835737054,6.675130324104196,3000
2024-06-05,H1006,573.8929413373708,52.06964645956473,25.247398619289104,0.4557254862268262,2500
2024-06-06,H1007,911.1411104358849,40.976682827027034,37.009743221377235,1.4818601554042714,2000
2024-06-07,H1008,207.04358033568218,52.99042380383928,31.927061947966376,0.6769347337781078,3000
2024-06-08,H1009,428.7864330360596,51.27819794038029,26.70067446596551,3.148666886434948,3000
2024-06-09,H1010,233.03819957272142,49.13168996559882,18.002377140505708,1.7235736818792897,3500
2024-06-10,H1011,444.4501524490943,49.26570529379804,37.16377029036297,2.013429035666552,2500
2024-06-11,H1012,489.0314694808885,51.83623364892001,22.441710132945616,3.1981254389021325,3500
2024-06-12,H1013,251.51812179779475,49.282876144331176,21.418405012172432,1.0082643918435608,2500
2024-06-13,H1014,465.60513550931864,48.43577108661418,32.09028172803856,4.932328425225931,2000
2024-06-14,H1015,399.5337112323798,52.53215113845948,37.759009625357095,1.5229756749107624,2500
2024-06-15,H1016,1059.4019280474754,37.58711642155441,33.53709127404207,0.34384322317863675,3000
2024-06-16,H1017,577.6151579184736,59.51996494291345,30.25563648020944,2.380791568992776,3000
2024-06-17,H1018,320.55342607965554,38.74515095803494,30.379017366661145,3.1525996918479096,2500
2024-06-18,H1019,259.55166027710123,57.45753425961231,31.41366223512123,0.7618230895914206,2500
2024-06-19,H1020,243.2582684449372,58.23042596248815,31.03571435914706,3.8923299610267246,2500
2024-06-20,H1021,252.1027658041474,41.63304883795925,29.124765695877503,4.731971292062333,3500
2024-06-21,H1022,340.7477948703075,50.28656202959826,28.416804415807505,0.6484279191409288,2500
2024-06-22,H1023,390.93823697799724,50.142795670021044,27.74962748840191,8.211394244563477,2000
2024-06-23,H1024,383.20289591960227,44.96244152641089,24.984141644533295,0.30330118076101104,3500
2024-06-24,H1025,449.2619898843229,48.110916562045624,26.877299692532905,0.4513326326293516,3500
2024-06-25,H1026,351.56022702534887,46.44712077267086,21.228172743218458,0.40723300053514344,2500
2024-06-26,H1027,914.9846659589,43.39801606664427,27.606641492821,4.488438228368265,2000
2024-06-27,H1028,318.2411800114453,56.678391965737305,24.045635571396332,2.1243247770694067,3500
2024-06-28,H1029,676.4202999907543,58.35777547497079,23.585642731136915,0.32999525250060757,3000
2024-06-29,H1030,425.08008173180076,55.60836032021618,28.719576604613913,1.1607923897797439,3500
2024-06-30,H1031,247.1410932300461,46.354741143913856,33.5680091453784,1.9105726710959237,2500
2024-07-01,H1032,221.49290023266653,49.37739866860113,31.673266424009253,0.1743080506673147,2000
2024-07-02,H1033,407.89668982918226,54.44687280613959,21.71799758550729,4.281210880684546,2500
2024-07-03,H1034,323.18446576089787,45.88936095554027,24.04148745371865,3.255239768907216,3000
2024-07-04,H1035,435.68005929105107,55.56499215086194,31.763084751952864,1.4072306561636723,3000
2024-07-05,H1036,406.78851494882537,50.79837300920933,24.070050425846762,6.830183846100176,3000
2024-07-06,H1037,341.2605304811753,50.12589596225201,27.101467400011902,1.0817484540587896,2500
2024-07-07,H1038,248.3847538317914,55.554799841017456,30.20020839609821,8.284170752902348,3500
2024-07-08,H1039,168.21833303769625,54.2213165574302,24.12662218054546,2.204758743269378,2500
2024-07-09,H1040,296.4182057519575,50.1951691709046,28.42150202458384,2.013915418987042,2000
2024-07-10,H1041,452.7678553188167,57.79664901682124,22.66389802032718,0.36293559141326953,3500
2024-07-11,H1042,375.69124929562446,46.59468336200051,25.594529424195144,4.272917248176111,3000
2024-07-12,H1043,200.51134655456144,55.07967803472132,29.279127736570146,1.1154490627004505,2500
2024-07-13,H1044,370.78171110214186,54.96550628984192,21.628025065873324,0.3540314889653688,3000
2024-07-14,H1045,961.4404009446365,40.87585871109402,29.761898951841594,0.025375338245871248,3000
2024-07-15,H1046,243.93710765586405,53.63066511121059,27.921448804293274,1.6408508834277513,2000
2024-07-16,H1047,368.4470127134633,45.74443211807348,30.20995981766859,1.4990102293170062,3500
2024-07-17,H1048,356.98504621352,56.6201350960345,28.895656536258645,2.541319689494188,2000
2024-07-18,H1049,938.6096671810873,35.15394891691309,33.456561719895376,4.419247211470856,2000
2024-07-19,H1000,969.0914547575729,39.081516908666984,28.50089801059163,0.16547360036109898,2000
2024-07-20,H1001,417.29414316418814,57.245046129184445,26.282377835498988,2.629782587521185,3000
2024-07-21,H1002,479.96614918103324,48.4782815472862,28.489190012129136,0.4150619883105383,2000
2024-07-22,H1003,476.4562462441884,44.957693518182204,30.17319211614555,3.9063517051371166,2000
2024-07-23,H1004,184.67967584514906,44.21685413238048,28.19544028130282,3.419218429222009,3500
2024-07-24,H1005,237.46099521018527,55.0300497567282,28.16236676481553,1.556511668598201,3500
2024-07-25,H1006,411.8042320650392,45.597853237518585,25.19203324877298,2.477423886624125,2000
2024-07-26,H1007,411.6543141094651,60.77397090992182,25.34839632979621,0.7547763012227929,3500
2024-07-27,H1008,411.80572235672577,41.59035296058139,22.389578912801227,1.2741685735789232,3500
2024-07-28,H1009,812.3277788785665,60.48228184145019,34.998306972747756,3.4478678119179254,2000
2024-07-29,H1010,418.50686128318006,53.055087336013095,23.02454705843486,1.229652636848165,3000
2024-07-30,H1011,1062.7024253898228,36.88540605749251,25.22837920881637,0.8857055923731125,2000
2024-07-31,H1012,464.4802116191843,49.27540456595525,25.12637093772321,1.3632771081697286,3500
2024-08-01,H1013,428.16695015669575,53.99568057176035,31.579697507777766,3.523421990534848,3000
2024-08-02,H1014,312.16769064315855,51.811826487875756,26.82020128683189,0.8165622809286673,2500
2024-08-03,H1015,441.0763064591921,57.516509410082605,32.99096829069494,0.3817438378825912,3000
2024-08-04,H1016,257.2609742554914,52.5711382433102,25.306037503024527,2.489686963470567,3500
2024-08-05,H1017,321.58176719119894,52.751508807309385,29.11597664889521,3.497149546569796,3000
2024-08-06,H1018,905.7105052634557,37.53101539179609,24.65861178696097,0.21213815219617682,2000
2024-08-07,H1019,359.8248967263587,51.71527188139466,36.58059651109355,0.5485424366162706,2500
2024-08-08,H1020,627.759028000821,53.5390088444603,23.24960632388195,0.3062370681216703,2500
2024-08-09,H1021,125.92817688899024,43.449158036716874,29.23928284090811,0.8552417231121123,2500
2024-08-10,H1022,432.3512228449416,45.25907288947143,30.535107523728392,1.1969506958404244,3500
2024-08-11,H1023,156.4740954572418,55.71632047011357,29.655196389805994,2.7632213889676454,3500
2024-08-12,H1024,293.368176105268,52.85432719063971,27.258849364489166,2.106212651071003,2500
2024-08-13,H1025,480.6740716360839,51.0800833182366,27.480717201066295,1.940061230697862,3000
2024-08-14,H1026,882.1331754827199,39.5025424614289,28.17524588791644,0.868886742813942,2500
2024-08-15,H1027,220.67062664848328,53.737908526808354,27.411991993486044,3.6833396900686166,3000
2024-08-16,H1028,1192.147496376874,36.05905804403758,31.85551646717964,1.2746196880878522,3000
2024-08-17,H1029,431.5517298721611,48.108476372988434,36.842092006365405,7.736484833189782,3500
2024-08-18,H1030,827.0010186735287,36.5482861259772,25.770032859968666,2.0110207540195453,3000
2024-08-19,H1031,918.9163161229335,35.92625483051367,22.52078808168369,0.2699557143620505,2500
2024-08-20,H1032,355.46862078845766,54.04126377857236,27.64687180659498,2.2551198890215107,3500
2024-08-21,H1033,271.807958287302,43.4870819788108,38.31883735061727,0.7863933938392205,2000
2024-08-22,H1034,607.2732907190391,57.14577818662822,24.785301728121077,2.318809728049773,2000
2024-08-23,H1035,426.07028267816133,54.362987412065216,34.55646722177627,0.14436981013908864,3500
2024-08-24,H1036,106.98288960108715,53.28014867156938,34.710803256305766,0.384456380918243,2500
2024-08-25,H1037,372.37451777233133,56.91345491972757,25.785647033168022,3.8722381020362606,2000
2024-08-26,H1038,270.58562422779346,60.32737222231288,30.275932316741102,0.5154170866135698,2000
2024-08-27,H1039,452.2920001755469,57.07185032509065,34.51358649251415,3.6285148242256637,3000
2024-08-28,H1040,254.89751138807594,42.795628843341774,26.483489036050052,0.6549982787574946,3000
2024-08-29,H1041,336.2316270239721,45.60211516632149,27.185678559590553,2.0593775355004698,2500
2024-08-30,H1042,410.59847347765486,48.875907111521606,25.673276344205426,2.3693247368592774,3500
2024-08-31,H1043,453.8906233004146,52.130455251054165,23.940973077228534,1.437564962577099,2500
2024-09-01,H1044,205.96443115330686,54.58829510234561,25.40288981973597,0.7285811003779642,3500
2024-09-02,H1045,309.8598516990862,48.37128093423267,23.104238932950974,0.4781505203293716,2000
2024-09-03,H1046,293.0065626606853,52.93383382238539,28.136333873036904,0.06750523842112144,3000
2024-09-04,H1047,271.6004920911546,48.22308533823339,24.920107075765433,0.7246572238024186,2500
2024-09-05,H1048,561.8545088337316,48.94241098504026,28.93514364716299,2.11779949218444,2500
2024-09-06,H1049,398.59780531531464,44.96669451575889,21.77641741518549,5.571098891818748,3500
2024-09-07,H1000,198.6939254797946,47.38383376944548,29.32352092885783,4.099058532192799,3500
2024-09-08,H1001,460.14343364657316,45.241576971918334,31.334115846435697,2.905422049494756,2500
2024-09-09,H1002,604.658743641516,47.12063373511334,20.025057429714177,3.1065626868274028,3500
2024-09-10,H1003,473.89583126613763,57.2682089830392,29.49622627939029,2.1871593678433463,2500
2024-09-11,H1004,167.6756040855184,47.25300555584028,32.91067596989317,0.6029856265945404,2500
2024-09-12,H1005,291.89191125604987,65.0,23.16143592523518,4.754510184390181,2500
2024-09-13,H1006,502.02933790239473,54.466589504404446,34.690289547350815,2.2217684348401376,2000
2024-09-14,H1007,265.0796641257463,52.92418061847437,29.67607603746418,1.6439649757727608,3500
2024-09-15,H1008,906.9608111430165,39.3440331900661,25.179952576966365,0.2352923957685293,3000
2024-09-16,H1009,442.9560864115204,55.501549397044954,27.776923689369177,1.1849954467678743,3000
2024-09-17,H1010,238.76834341063005,49.12181086881113,30.23330765008689,1.233699649605991,3500
2024-09-18,H1011,342.856957272584,52.610049073226804,28.304021565649645,3.9985063837139285,2500
2024-09-19,H1012,80.0,64.80042269134397,30.155023969785475,1.5821737979715287,3000
2024-09-20,H1013,227.07348303988522,51.519700501376754,24.317305627682536,0.957364112895157,3000
2024-09-21,H1014,319.6918218328208,57.74636663142838,28.67744329614431,7.527234320704678,3500
2024-09-22,H1015,200.26601816421805,48.48411787437056,22.34514201238008,0.234687599253517,3000
2024-09-23,H1016,545.8893564717962,51.82505754751519,27.555095754605198,1.09826139730267,2500
2024-09-24,H1017,178.3830346447241,60.85400317817755,24.38436943414084,0.08586651661376282,3500
2024-09-25,H1018,959.0449514211482,40.82926056804263,25.057880229640933,2.6934098993262916,2500
2024-09-26,H1019,365.68886927433095,61.062242789984644,32.94437270084175,5.0039400623277555,3000
2024-09-27,H1020,522.9527946879339,55.538759677277376,32.365240482377075,0.6571118298280387,3000
2024-09-28,H1021,177.69654185846727,49.18766612052866,30.43655248362871,3.908674591025659,2500
2024-09-29,H1022,489.57965025859517,55.1620386952776,23.630748941309683,0.6912389358365987,2000
2024-09-30,H1023,351.2279673223504,56.86277224813365,26.73436620122079,4.833079569227942,3000
2024-10-01,H1024,232.2189618742459,55.10904981108598,32.85239079991673,2.804537783224339,2000
2024-10-02,H1025,405.4524169115925,44.14887640054772,28.56686765455962,3.268555534352877,3000
2024-10-03,H1026,373.8871634688164,48.364314120875655,37.27731815992678,0.036341292828328924,2000
2024-10-04,H1027,277.97397474094464,50.762406822242475,29.573271357577486,6.583449944872794,2000
2024-10-05,H1028,358.37625019880227,51.62783285449977,28.768196465960127,2.594158104329366,2000
2024-10-06,H1029,303.76236837658877,55.10336048775339,26.763534143189993,0.726970722795446,2500
2024-10-07,H1030,363.62208143014976,52.88850500466627,28.534163619129128,3.5368047432098155,2000
2024-10-08,H1031,429.4556809425256,45.323278206449494,27.390120654477826,0.6612381552146382,2000
2024-10-09,H1032,540.3220179374423,53.90098925502981,30.832434706754363,4.123263594828833,2000
2024-10-10,H1033,201.4621401407781,55.05292872641912,31.826809267178337,0.23887468496218844,3000
2024-10-11,H1034,605.964004958752,54.7989522396552,24.8560421579682,2.4326710000883733,2000
2024-10-12,H1035,115.74946405729978,57.40390362777311,22.675068185768886,1.5560967419345106,3000
2024-10-13,H1036,331.78578859573,56.16961077274452,20.655178507586815,0.20303464305301905,2000
2024-10-14,H1037,420.5980647781492,54.29590039614219,30.031965307650175,0.5538636697766027,2000
2024-10-15,H1038,383.7190241282039,51.649171442706766,23.586533575304507,0.02496321695005604,2500
2024-10-16,H1039,275.27605762152876,43.69519533242004,19.38843762819007,1.265112753320564,3000
2024-10-17,H1040,325.025329957127,54.14809109566293,29.554314418123855,0.7169681896743889,2000
2024-10-18,H1041,290.83988784094004,53.03843843581556,37.971998069731164,1.824385700831144,3000
2024-10-19,H1042,279.27622916669463,53.35789418597687,27.975716353840426,0.7054734398904734,3000
2024-10-20,H1043,451.9522516425229,45.61625712089845,31.353963097806567,0.7131187912493482,3500
2024-10-21,H1044,392.84185831580567,46.59471729795869,28.32731743419026,2.7188624456540524,2500
2024-10-22,H1045,266.8508485687215,57.26576426666452,27.60444138723543,0.09868058647991072,2500
2024-10-23,H1046,457.95198505199005,51.802224230716725,31.676305931951074,4.663924724382357,2500
2024-10-24,H1047,386.8759425051931,55.40750348686312,26.838901823245394,3.8246550632281524,3500
2024-10-25,H1048,447.5434542606752,52.14159188065231,29.06956925628761,2.204064359026824,3500
2024-10-26,H1049,425.5554610308335,52.14878069747873,29.286791224784054,1.7989732801526803,2500
2024-10-27,H1000,250.52059868935135,56.69141902987999,25.327638185427805,4.456857780886112,3500
2024-10-28,H1001,282.77827517636365,49.41977635891313,31.96816939814609,0.40994475216797754,3500
2024-10-29,H1002,439.6752326147914,52.48060388470492,27.300160973218365,0.16452352064820483,3500
2024-10-30,H1003,423.2444318520158,49.68862355647479,24.97701936202862,0.5475850800686378,2500
2024-10-31,H1004,347.49180872430225,49.827518862838424,30.146039374281614,3.165380471725468,2500
2024-11-01,H1005,1041.45488022375,44.770069544389436,24.406128072835852,0.07057108699065301,2500
2024-11-02,H1006,503.319787494611,53.110668858168566,28.112724629476514,1.7484118784391343,3500
2024-11-03,H1007,279.0114333397004,49.60625689168261,27.963524013423186,10.779776217720167,2500
2024-11-04,H1008,415.65168574040456,58.278780627867604,32.34358226332631,3.871667487671538,3500
2024-11-05,H1009,325.7368817079327,47.52696348890248,29.89879293151981,1.4739711440176355,2000
2024-11-06,H1010,323.87825561273354,51.06564177919321,27.899892165019423,0.13151246430506303,3500
2024-11-07,H1011,481.8532222384628,49.801344708629124,31.27106519680115,3.5601383086534786,3000
2024-11-08,H1012,449.0499618785636,59.23488942176866,33.560830196069254,1.827480515087411,2500
2024-11-09,H1013,447.62115632007664,52.98277388255787,30.231241225407448,0.24418385460563458,2500
2024-11-10,H1014,907.4135024270429,38.99035317642435,28.04141047937352,0.197116926148923,3000
2024-11-11,H1015,352.5204609959311,44.57219813481514,22.75265507059936,4.807615461568678,3500
2024-11-12,H1016,431.8343565553957,53.33525132934629,23.73954534769851,2.2124842213761022,2000
2024-11-13,H1017,312.76798920878525,56.44815397811718,26.77910118258133,3.5355406390448096,3000
2024-11-14,H1018,388.89996229861305,52.41141994637712,25.561951191362866,4.223580741509883,3000
2024-11-15,H1019,334.3828334758779,57.32740187532676,27.252114788058215,1.6962006741298403,3500
2024-11-16,H1020,361.6395157991262,49.41355774949814,28.22659969958843,1.4573263526231575,2500
2024-11-17,H1021,421.4188430524296,59.0467372009279,30.118771017426923,1.1257380841891487,3500
2024-11-18,H1022,251.8135180119833,63.49449061809625,27.718004887763634,0.7623644402267663,3000
2024-11-19,H1023,601.0864730822552,50.18580719780171,29.946006575304807,1.1404293797662677,3000
2024-11-20,H1024,229.27791422003577,49.77248739299614,28.25789765924048,2.973375849333452,2500
2024-11-21,H1025,204.29736646547215,59.2669223855885,20.098133734584515,1.8422218156342205,2500
2024-11-22,H1026,488.97330482000814,59.89786072865356,24.242658424724983,4.460962211258672,2500
2024-11-23,H1027,444.9995232755523,49.38569986423366,27.42364977711354,1.171745047843888,3500
2024-11-24,H1028,424.8943780462586,49.89906591452071,23.16122102863557,1.8683472575305777,2500
2024-11-25,H1029,425.4014611117136,50.59107695569747,30.399714919984817,1.995584919381853,3000
2024-11-26,H1030,348.53038725837024,45.27774744482861,34.12300332937479,1.7914922613190258,3000
2024-11-27,H1031,242.3294754217002,47.40674026757901,32.875047406789264,2.4255816251059557,2000
2024-11-28,H1032,359.09654698324715,46.97929616623966,27.14622851627917,0.5421310394332255,3500
2024-11-29,H1033,268.7405946185466,48.16101217447936,33.96290454739981,1.4363711938048278,2000
2024-11-30,H1034,467.01436801013017,51.82657556306609,28.594669828808446,0.22013158695666166,3000
2024-12-01,H1035,332.35311421974336,53.1710736626826,26.651656115527842,0.9706774749981193,2000
2024-12-02,H1036,250.94033638489861,59.75250246407038,25.54638934583624,1.3375612173375064,3000
2024-12-03,H1037,311.4336990016408,47.00822979630605,26.790121254047488,2.1123948618385766,2000
2024-12-04,H1038,399.5517745130749,56.92161199238292,26.447292725835084,6.012820262463886,2500
2024-12-05,H1039,282.35305366352304,50.93005577887246,28.681664889501953,1.8358394486662004,2000
2024-12-06,H1040,251.33355253202822,51.752681451737836,28.64229592419946,2.721985652713184,2500
2024-12-07,H1041,379.24246537902945,55.37409746083302,28.012184080613657,1.4115169777113545,2500
2024-12-08,H1042,379.39598853304676,46.386389892188504,29.7477526789854,2.010812449434803,3500
2024-12-09,H1043,289.1668189554644,53.912048730920255,32.76258509914537,0.14714715699226008,2500
2024-12-10,H1044,293.47540332580127,52.83226104106528,31.798216541765296,0.5871094477702782,2500
2024-12-11,H1045,377.84599248291636,54.462256320040744,22.060408126200386,0.898373521418981,2000
2024-12-12,H1046,176.2298790203211,53.44584321953909,17.78431546039218,1.2791876331344174,3000
2024-12-13,H1047,181.10434707481338,64.27650069955448,31.737279644957095,0.09344696800468241,3500
2024-12-14,H1048,263.7866934497077,48.81130007874342,22.532485206338315,0.3017018210759944,2500
2024-12-15,H1049,324.38634179457836,49.34501522499091,27.100938392429267,0.6481785082066823,3500
2024-12-16,H1000,387.30890787176054,48.88429736787618,23.31954789576256,7.117997798463182,2000
2024-12-17,H1001,527.0427460339463,49.22261440419873,20.79207824967992,0.804980097288224,2500
2024-12-18,H1002,452.9191547842423,48.81306436346741,30.165850912819153,1.315718605257502,2000
2024-12-19,H1003,330.8073764043887,57.94508265553776,31.036620641210586,0.43655510089128596,3500
2024-12-20,H1004,347.71805505167737,59.102521239949276,25.693958397093123,1.887221450279832,2000
2024-12-21,H1005,229.69647624346294,49.146268531252616,17.63583083142036,0.6589068558228242,3500
2024-12-22,H1006,347.7784236809132,47.838222134478855,25.81502220699007,0.46384539709850037,2000
2024-12-23,H1007,315.3609633295834,54.35707778193202,29.567216021610186,1.4537083786488412,3500
2024-12-24,H1008,388.7262272405707,49.23888477859514,22.084353724903487,0.011042023874619545,3000
2024-12-25,H1009,250.73228677372123,55.164659088777555,28.73343967911662,0.015387104540800603,2000
2024-12-26,H1010,412.3215817089407,53.0146151042565,27.93876060330802,0.4945364737348612,2000
2024-12-27,H1011,533.9286695603093,44.42127942501384,30.317165998404352,0.07482513167639165,3000
2024-12-28,H1012,336.9487821851771,59.737526006650306,28.478321473656614,0.22863603832553245,3000
2024-12-29,H1013,398.205406651873,60.97938836547761,24.10772423647378,0.8275812868100617,2000
2024-12-30,H1014,432.8172790053335,48.93605654757807,32.78628600665797,3.2449012188512922,3000
2024-12-31,H1015,301.85354337369967,50.06149220032008,27.36588170789212,1.6974914851826255,2500
2025-01-01,H1016,376.89109781725,53.429326953624525,27.890781841960273,1.4376182019761252,3500
2025-01-02,H1017,351.5110880938154,53.67228394993513,24.266928163707217,0.6948325140732948,3500
2025-01-03,H1018,361.7211318258598,55.29272136336415,26.22687099523396,5.369264687172432,3500
2025-01-04,H1019,257.238825937344,62.05102269383175,24.460789143892395,1.0117260531493366,2500
2025-01-05,H1020,352.9412209110731,51.11526386252975,27.308215760306307,0.18224202023315117,3000
2025-01-06,H1021,409.759794949454,48.00851377730773,34.846833920569374,1.919787952419908,3000
2025-01-07,H1022,524.137232935405,45.10340385992736,22.512395428274573,0.24171188974132582,2000
2025-01-08,H1023,465.1124991302248,48.34534980029041,21.545754408493035,0.8469215548465312,3000
2025-01-09,H1024,1186.0061477817887,35.09054161580371,33.88468130997443,1.4161640594394922,2000
2025-01-10,H1025,257.91829245343405,60.97278931758894,27.162705291392534,4.146482004597833,2500
2025-01-11,H1026,454.67847640648137,49.41194350481914,25.323709045360335,1.360645849311906,3500
2025-01-12,H1027,372.0010406886022,53.11893975819449,32.159618749584304,2.4230610241850203,3500
2025-01-13,H1028,612.7763519861207,51.917885519636236,25.577537841052543,9.87203148395622,3500
2025-01-14,H1029,253.00420575738184,57.94196636724042,35.304038854187745,0.2819503318319631,3000
2025-01-15,H1030,249.23337893830688,64.63466212936811,30.711703485357077,0.6424267660938033,2000
2025-01-16,H1031,278.0728825467173,49.3456561353984,26.04835436741719,1.0036527296729498,2000
2025-01-17,H1032,95.13251308282318,49.552802787408886,36.629232853062014,1.095768371042928,2500
2025-01-18,H1033,286.90939739830867,57.22080438534536,25.577140307986646,1.0587297548125656,3000
2025-01-19,H1034,258.90408061355623,55.409457448131555,30.968381488037227,4.763494765423829,2500
2025-01-20,H1035,368.0472543771449,61.23353662868017,29.19717032162597,2.503755232338851,2000
2025-01-21,H1036,391.01071709325913,54.91964092662982,33.20696515759519,1.8725033352635052,2000
2025-01-22,H1037,575.1405007059063,50.203539546064704,34.24604478690741,0.7403099796587977,3500
2025-01-23,H1038,464.05086058232604,54.95327415346155,28.128016596263066,3.4721619877554226,3000
2025-01-24,H1039,280.77156132051164,57.54351790291454,24.986328518615267,6.204876787596312,2000
2025-01-25,H1040,242.19023943819704,56.10241090598682,29.839888571756465,3.4429556217301323,3500
2025-01-26,H1041,409.0303005807807,54.53637015553649,25.289138520991575,0.0031326624960834964,3000
2025-01-27,H1042,191.57201515752294,57.33337344794577,36.05354899010649,2.0234093701342424,2500
2025-01-28,H1043,569.7750519025225,57.84647795222836,28.54614132433095,0.10497829499008912,3000
2025-01-29,H1044,491.53281448655446,58.91079495518763,26.538713794751565,0.5957536464449513,3000
2025-01-30,H1045,293.6989217474354,55.24354943794821,28.738721223459635,0.12273978716393262,2000
2025-01-31,H1046,144.4238565090947,51.16440959841573,22.611494841881214,1.851649336257584,2000
2025-02-01,H1047,512.4646848998495,52.733568432166614,24.113543845957395,2.320485530889521,3000
2025-02-02,H1048,336.25521856968584,58.03254483254179,32.8016556317777,0.24317772291362602,2000
2025-02-03,H1049,498.5379574368154,47.91532164506382,25.372422884114417,0.9684935922987209,2000
2025-02-04,H1000,158.66868094467594,53.84336654436451,23.81235606927224,1.2184817715415786,2000
2025-02-05,H1001,278.07499724554725,50.0333059383632,30.146611010109144,0.9210668962374787,3500
2025-02-06,H1002,350.629243966182,52.143724114674086,32.742816618651986,0.2579976473282346,3500
2025-02-07,H1003,355.63767125176906,58.39225931303649,30.875813242660268,1.0858293283677616,3000
2025-02-08,H1004,295.99214342249076,52.95549534009952,31.984190743223266,2.782035379456148,2000
2025-02-09,H1005,424.74199188169985,52.23218274078074,24.972819645722158,0.14730958101447222,3500
2025-02-10,H1006,221.88554847408867,45.200719295100406,22.312757333032625,0.16715459112951958,3000
2025-02-11,H1007,840.5491590212637,37.710962537640654,34.00533460782195,0.8763008774728607,2000
2025-02-12,H1008,364.43547580542787,55.22742090570538,26.709280644631455,5.685188611055682,2500
2025-02-13,H1009,411.7326600870499,62.8162736165273,26.99666793417981,2.208693277681835,2000
2025-02-14,H1010,435.39378537066676,50.461108825234994,33.312776567396234,2.2705730233993657,2000
2025-02-15,H1011,215.0429489794557,53.0957516383197,30.22492003760264,0.8985831945796112,3500
2025-02-16,H1012,165.90629951172534,53.246918418553776,29.82355108832643,1.8011339571468923,3000
2025-02-17,H1013,503.32121862782105,59.887266398817374,36.66000937960433,0.02036570750508617,3000
2025-02-18,H1014,1049.4595113161065,39.34020972708759,25.42592707847943,2.021730619852085,3500
2025-02-19,H1015,260.1816156132136,53.3951076288517,31.711360512324948,4.890301719079625,2000
2025-02-20,H1016,536.1382370627027,55.0394825485827,28.228052499588337,1.8964580877856865,2500
2025-02-21,H1017,363.880956115143,52.93304561578179,29.074369115453027,4.138168226475087,2000
2025-02-22,H1018,491.51566208765917,49.76783192724736,34.11387370565013,2.5745135858143215,2000
2025-02-23,H1019,358.1022177692131,52.970449964491536,30.031343025158495,0.2569362740519941,2500
2025-02-24,H1020,597.2897509858385,57.36815874929886,30.153184316198534,4.654848231963548,3500
2025-02-25,H1021,925.1629576854593,42.14052723378127,32.290029349239205,0.1375083235802742,3000
2025-02-26,H1022,320.1243021825112,52.66484837073438,26.54018908182846,1.5269996917856938,3500
2025-02-27,H1023,466.58851411452264,48.499395925304135,24.643161330643974,0.3066220204150312,3500
2025-02-28,H1024,427.4451139502177,57.97523314462421,23.820763223915865,0.02355134522896405,2000
2025-03-01,H1025,514.2357869038818,44.384065476081126,20.134573642495994,1.0964813712874752,3000
2025-03-02,H1026,234.20918473038745,49.20539076364206,36.22482851976129,0.6992304383807553,3000
2025-03-03,H1027,432.3261751998127,53.8860593753226,23.58716653711327,1.3310659484463183,3500
2025-03-04,H1028,830.7917868259865,36.01893100872937,27.11498550565691,1.7217115141848147,2500
2025-03-05,H1029,138.95126162922628,51.67124869463506,26.892746800444318,0.08944893251182512,3500
2025-03-06,H1030,208.00897848010698,49.22400236653401,29.229626791236402,0.26250408776936296,2500
2025-03-07,H1031,105.29213866878794,61.40578534720295,31.262948850157187,1.6357996794564933,3000
2025-03-08,H1032,317.67117986665306,44.75993049791878,31.44189395343898,0.8406520323821158,3500
2025-03-09,H1033,1180.5692883382264,39.33582792632615,25.667690245724245,2.6125536771229165,2000
2025-03-10,H1034,530.2828462515233,54.200072250266665,27.331513144854355,2.1127824425034203,3500
2025-03-11,H1035,358.891373650373,49.489728878236946,29.1303198019532,3.7364737989947363,3000
2025-03-12,H1036,545.433865468555,46.89383591434643,27.00523549526581,2.358513728205395,2000
2025-03-13,H1037,184.38782501421304,55.541782236496765,34.42938230407997,1.1239960172080123,2000
2025-03-14,H1038,145.59410727738145,53.219003568855996,29.963899806553005,2.23538608221123,2500
2025-03-15,H1039,343.33427613240576,49.17960684631636,30.93951114419927,0.6442190399602585,2000
2025-03-16,H1040,396.0878538727169,45.59847800664553,30.65152507466965,0.731470295761989,2000
2025-03-17,H1041,346.07663022870884,56.36228664140072,32.6938954299413,3.1116536317006345,3500
2025-03-18,H1042,101.90694799521481,55.251005889793305,28.724086234814827,1.1826962578313507,3000
2025-03-19,H1043,339.3055952584654,51.50412068110309,22.812672208176615,3.202744460538693,2500
2025-03-20,H1044,193.46365993941762,61.23318498023833,29.598751807010565,3.4566948684437455,3500
2025-03-21,H1045,430.36070585960465,46.64957616836924,25.394572424832685,3.897701664515891,2000
2025-03-22,H1046,393.9917895316218,44.372374145376305,25.885533273000974,4.969059101986354,2000
2025-03-23,H1047,237.21442564071737,48.540459650593775,30.345456075020373,1.1276977413996185,2500
2025-03-24,H1048,288.3359699195968,51.77206991822251,32.95313228573454,0.7679948482862944,3000
2025-03-25,H1049,222.89437737332582,53.21669724661346,28.08508630694425,1.7454988597001666,2500
2025-03-26,H1000,342.4785083272194,50.79381971071835,29.235332050395854,0.9277963659451799,3500
2025-03-27,H1001,464.6170784601486,53.76027698257148,34.80885977854095,1.8379595221505267,2500
2025-03-28,H1002,231.71287443973475,45.74230287904778,28.963012717954275,2.445535744738922,2000
2025-03-29,H1003,410.4855818621413,59.2188230203663,38.40673245672158,2.3321021413481744,3500
2025-03-30,H1004,286.3690857953071,51.58924410803716,30.262038582526177,0.9385770084815598,2000
2025-03-31,H1005,1187.414932679957,41.72460498025029,20.95694896337673,0.36510765160963277,3000
2025-04-01,H1006,337.1563568054531,53.71362673188852,31.01336648441813,1.126096027195722,2000
2025-04-02,H1007,225.77092130967512,54.28376609576892,29.52463353953111,0.30768778997220103,2000
2025-04-03,H1008,283.56208335833816,54.84883640116102,33.15901101633098,4.4163148810741335,2500
2025-04-04,H1009,206.2546528893382,54.23854280008658,30.692725405079834,0.8489211523478801,2000
2025-04-05,H1010,1039.6178348601527,44.14548663848559,27.446176064064904,0.3355590070503998,3500
2025-04-06,H1011,354.23162623660744,58.64576265066216,23.102807054842536,0.05155430879335332,3500
2025-04-07,H1012,266.03293904088974,52.98260584850735,27.163906970855898,2.0759135160412145,3000
2025-04-08,H1013,375.6775892881066,55.54501878794256,24.5979181831628,2.02616676599364,3500
2025-04-09,H1014,336.5206340371004,51.55132152856387,25.67790620078111,0.8328625342214832,2500
2025-04-10,H1015,323.48364805601324,59.200586077247365,30.35431361768244,0.14882625955254905,3000
2025-04-11,H1016,423.70000400521104,48.61803848970365,34.67961801740562,1.0540078962234924,3500
2025-04-12,H1017,440.90092520567663,61.004702164554075,29.578686119291923,0.7456594510565666,2500
2025-04-13,H1018,1095.1539939338425,42.01139594417474,23.216467751859263,2.260953046317403,3500
2025-04-14,H1019,280.9018111226384,44.84612448940976,29.77841067288056,1.8616884920116712,3500
2025-04-15,H1020,871.7458728048841,42.365352283347924,32.78652594658261,0.9069813731177835,2000
2025-04-16,H1021,80.0,48.5947417126256,25.56086838272247,0.49152629844849655,3500
2025-04-17,H1022,168.17707253617374,56.20321774494362,27.46393133330833,8.85170061872906,3500
2025-04-18,H1023,514.0249120933429,48.73688010348805,28.058752778916787,1.2102785449305875,2500
2025-04-19,H1024,547.3961256201541,49.7690828339261,24.86040674767104,2.3312628770386494,2500
2025-04-20,H1025,320.1156752532346,42.552296345272346,30.593121735375437,0.3029321641893651,2000
2025-04-21,H1026,419.18683556669197,49.73846840375462,27.516207405568874,1.3294681645378412,3500
2025-04-22,H1027,900.357218276441,40.89453989484697,29.67812977562811,0.055845924845850624,2000
2025-04-23,H1028,719.4656970146285,44.08048588257138,24.4500312887916,1.408234738941404,3500
2025-04-24,H1029,484.3489893721492,55.80207328072149,26.25016679870636,6.649439977024297,3000
2025-04-25,H1030,910.5276433863414,43.66095633611691,30.889525431311085,0.9696878895894839,3000
2025-04-26,H1031,235.33514712794891,54.12728780892483,26.508667391632933,0.07955344154956627,2000
2025-04-27,H1032,157.2264415690913,47.165119284353935,34.90785540493362,0.06289008945167307,2000
2025-04-28,H1033,374.41563630406677,51.7614432192901,26.401455257541592,0.982002725260163,2000
2025-04-29,H1034,259.23791056588357,51.98198730454716,28.898738903007544,0.3487661477022617,2500
2025-04-30,H1035,179.3295548482791,46.20817655403729,31.73036332749236,0.047258154162401124,2500
2025-05-01,H1036,272.41125389089683,59.51699150883575,22.326537068267875,2.822925808285821,2500
2025-05-02,H1037,220.2142395662726,56.386811452878355,20.956764752076896,1.2269094089076307,2000
2025-05-03,H1038,552.4569962087078,50.89517913085168,21.89737474171962,0.6828543456586712,3500
2025-05-04,H1039,836.8267944329901,42.48384349676231,33.05033641370873,4.606834538643087,3000
2025-05-05,H1040,349.0432830420059,53.04191403973776,25.792567416430213,0.24691084699573063,2000
2025-05-06,H1041,527.5932966668031,41.791325657878545,38.23279714267301,6.243445096281949,2500
2025-05-07,H1042,359.2841969177142,50.764113087397014,25.743009605370446,0.7536582709810525,2500
2025-05-08,H1043,246.64589584060838,48.59007876001101,28.73820521278815,4.385734271136216,2000
2025-05-09,H1044,532.7748892723589,46.99189995052542,34.1684398102715,1.8473502413695446,2000
2025-05-10,H1045,414.669205242159,50.594498535570224,36.024371552636495,3.505547102752768,2500
2025-05-11,H1046,225.53046148082524,60.988432634247616,36.24601430654559,8.271979192000565,3500
2025-05-12,H1047,327.159358629967,55.20421430633505,32.83346492237257,0.6804939297972233,2500
2025-05-13,H1048,244.92580959382914,49.144105051086015,32.09625010324585,6.49534733191931,2500
2025-05-14,H1049,184.06403228427968,54.86291390678079,30.37010779680473,0.9868946593832437,2000
